Semana,Cilantro,Lechuga Batavia,Lechuga crespa verde,Espinaca,Acelga,Apio,Perejil,Rábano rojo,Tomate chonto,Tomate larga vida,Zanahoria,Limón Tahití
2025-10-11,2375,1213,2472,2094,1010,838,3420,3833,2291,3750,2922,3192
2025-10-18,1685,1033,2514,2146,700,565,3924,3333,2335,3549,2236,2945
2025-10-25,2040,1017,2894,2281,597,425,3003,3333,2140,3203,2035,2499
2025-11-01,3417,1596,2927,2281,606,410,2867,2903,1730,2771,2179,2263
2025-11-08,3308,1446,2927,2493,749,363,2792,2380,1578,2849,2101,2149
2025-11-15,1435,1361,3285,2342,919,418,3594,2510,1496,3146,2063,1860
2025-11-22,1060,1188,3316,1456,914,369,3007,2201,1847,3870,1542,2089
2025-11-29,1483,1229,3501,1275,931,365,2878,2722,2140,3948,1927,1628
2025-12-06,1425,2007,2839,1669,1113,368,2870,2037,2893,4693,1819,1804
2025-12-13,1427,2478,3819,1750,706,364,3090,,2443,4495,1382,1789
2025-12-20,2750,2445,3779,2285,727,447,4562,1667,2313,4450,1950,1396
2025-12-27,2800,2450,5400,2100,960,591,4688,,1790,4713,1575,1832
2026-01-03,1629,2331,5910,2765,821,485,5181,,2017,4766,1587,2167
2026-01-10,1746,1858,4042,1688,817,350,3479,,4048,4760,1278,1449
2026-01-17,2360,1379,3917,1208,664,322,3848,,4181,4813,1450,964
2026-01-24,2398,1665,4188,1133,644,334,2632,,3305,4411,1304,850
2026-01-31,3104,1154,3694,1417,650,338,3767,,2902,4698,1288,1527
2026-02-07,5333,1683,4403,2344,849,286,2847,,3726,4510,1283,1577
2026-02-14,5521,1608,4951,3042,613,278,2837,8333,3613,4870,1311,2161
2026-02-21,3427,1385,4306,3104,564,350,3455,5000,4432,5307,1181,2589
2026-02-28,1917,1441,4222,2098,550,361,3094,6389,5397,6016,1497,2807
2026-03-07,1838,1567,4014,1958,539,410,3084,5139,3797,5365,1861,3431
2026-03-14,2323,1475,3736,2292,506,387,3993,4093,3911,4870,1684,3976
2026-03-21,1394,1808,3639,1752,469,388,3524,3333,4223,5700,1703,4143
2026-03-28,1466,1655,3396,1375,465,318,3932,3056,4396,6258,1682,4476
2026-04-04,2134,2157,3960,2042,660,447,4931,3750,4935,6263,2302,4574
2026-04-11,3127,2039,3434,1579,401,379,4896,3472,4299,5521,1802,4244
2026-04-18,3750,1692,3456,1990,361,365,4074,,4375,5323,1844,3449
2026-04-25,3510,1458,3389,1844,419,360,3993,3333,4479,5188,2983,2563
2026-05-02,3635,1558,3625,1608,428,408,4601,,3892,5125,3042,2863
2026-05-09,5708,1815,4083,1367,412,318,4473,3222,2884,5318,3288,2692
2026-05-16,4302,2200,4340,1569,647,312,3576,3611,3201,5214,3383,3268
2026-05-23,3479,1794,3910,1302,556,324,3663,3389,3335,5368,3250,2821
2026-05-30,2677,1815,4083,1931,436,321,3721,3000,3892,5630,3601,2577
2026-06-06,3948,2031,4069,1581,447,341,3160,,4148,5747,3194,2595
2026-06-13,2771,2292,3958,1990,594,290,3576,3333,3693,5550,2870,1967
2026-06-20,2144,2385,4167,2169,567,341,3677,3056,2874,5526,2983,1680
2026-06-27,1869,2354,4000,1625,629,324,4583,,2700,5510,2985,1864
2026-07-04,2410,2471,4028,2191,841,343,3791,,3310,5635,2819,1961
2026-07-11,2042,2979,3979,2121,896,357,3877,2722,3821,5568,2727,1781
2026-07-18,1631,2858,4194,1854,842,436,4264,3000,3512,5622,2071,2084
2026-07-25,1611,2208,4000,1665,681,406,3694,3333,3499,5620,1983,2271
2026-08-08,3104,2006,4208,2371,829,485,4433,3000,3239,5573,1924,2092
2026-08-15,3229,2188,4000,2917,694,500,3715,,3419,5365,2142,3037
2026-08-22,1956,2035,3792,2344,713,379,3774,,3258,5500,1735,2773
2026-08-29,2083,2106,3667,2587,829,376,3958,1833,4485,5641,1931,2354
2026-09-05,5427,2063,3375,2521,768,302,3403,2667,4437,5479,1861,2761
2026-09-12,7538,2078,3248,3625,570,342,3438,3056,4583,5594,1733,3233
2026-09-19,10521,2347,3375,4250,418,391,3229,,4280,5547,1881,2988
2026-09-26,6417,1850,3250,4667,433,360,3403,,4370,5583,1972,3146
