Mes,Cilantro,Lechuga Batavia,Lechuga crespa verde,Espinaca,Acelga,Apio,Perejil,Rábano rojo,Tomate chonto,Zanahoria,Limón Tahití
2013-01-01,912,733,1571,1263,396,343,1553,722,1585,1479,1047
2013-02-01,1451,782,1567,1455,330,385,1586,1349,1753,998,1005
2013-03-01,2300,1316,2231,1395,489,363,1754,859,1543,760,1356
2013-04-01,912,1056,2374,1018,519,470,2063,463,2015,790,1620
2013-05-01,1846,705,2325,1194,596,480,1703,1041,1993,915,1288
2013-06-01,1443,763,2778,1271,598,493,1866,1380,1301,825,762
2013-07-01,1182,491,2518,742,463,821,2326,1024,1598,881,925
2013-08-01,2400,588,2367,671,439,1006,1987,582,1421,1140,1211
2013-09-01,1023,592,1722,635,373,745,1595,680,1170,863,1311
2013-10-01,777,506,1429,1060,440,574,1317,546,1376,818,1578
2013-11-01,1341,522,1076,678,332,374,1220,355,1210,756,1281
2013-12-01,1270,915,1757,875,438,320,1681,547,1142,692,1247
2014-01-01,1284,652,2535,1230,620,412,2160,1452,1475,635,1264
2014-02-01,826,768,1865,1060,634,521,2508,2377,1663,671,1236
2014-03-01,1312,1013,2445,866,405,434,2633,1050,1254,621,1564
2014-04-01,1077,845,2299,1034,502,776,3003,1064,1498,677,2834
2014-05-01,1850,665,1775,789,311,499,2698,633,1809,690,1722
2014-06-01,1375,519,1590,722,438,346,2987,560,1838,1183,1197
2014-07-01,2625,566,1682,1139,351,369,2276,396,2219,1361,1316
2014-08-01,2542,655,2151,1004,453,700,2150,391,2147,1678,1298
2014-09-01,2547,1039,2577,1301,477,892,1825,703,1502,1496,1656
2014-10-01,1400,935,2734,989,441,848,1756,767,1333,1183,2130
2014-11-01,835,1042,2425,1519,441,517,1537,571,1263,1082,1849
2014-12-01,1084,1052,2695,1661,574,568,2735,712,1214,1087,1337
2015-01-01,1314,1217,2724,2067,839,1253,5224,1287,1616,992,1149
2015-02-01,2933,820,2201,1124,955,2588,3681,824,1681,857,1029
2015-03-01,2032,920,2053,1197,863,2406,2631,750,1183,896,1581
2015-04-01,2277,1113,1822,641,530,1044,2161,1019,1358,885,1848
2015-05-01,891,994,1950,837,659,518,3343,1289,1421,1164,1459
2015-06-01,1797,900,2106,951,556,474,3829,716,1608,1175,1043
2015-07-01,1839,1055,2588,1344,488,541,3615,784,2081,1144,1010
2015-08-01,2377,1505,2934,988,431,595,3191,659,1932,1191,1443
2015-09-01,1775,1680,2317,1478,650,414,3145,1159,1929,1813,2450
2015-10-01,2777,1380,2057,1062,695,442,3049,1265,2366,1692,3066
2015-11-01,2510,1192,1953,774,507,351,2368,673,2569,1550,2790
2015-12-01,1663,1185,1956,964,659,405,3051,1092,2634,1742,1905
2016-01-01,1654,1300,2112,1639,678,512,3081,1101,2682,1732,1716
2016-02-01,1482,1773,2316,3084,827,585,2319,1581,1748,1848,2460
2016-03-01,3775,2407,4081,4355,862,1066,1884,2599,1307,1561,3199
2016-04-01,3154,2625,4763,1496,459,956,1721,759,1587,1177,3297
2016-05-01,2378,1869,4161,894,489,1185,1730,884,1809,1228,2210
2016-06-01,1241,945,1853,1836,520,1810,2436,1360,2698,1692,1108
2016-07-01,945,868,1626,1107,622,1881,2989,944,2818,1674,962
2016-08-01,1581,879,1300,1079,659,1733,2770,982,1813,1229,1031
2016-09-01,2378,680,1018,560,396,1157,2410,649,1258,932,1684
2016-10-01,1914,906,1081,636,434,477,2669,766,1161,900,2049
2016-11-01,1128,846,1918,716,577,363,4117,675,1519,861,1570
2016-12-01,2354,1182,2848,1707,960,425,8186,1055,1894,798,1311
2017-01-01,1410,1198,2280,1520,1057,517,9185,1426,2565,864,1038
2017-02-01,1985,1366,1735,2545,1522,372,8306,1731,2106,864,1129
2017-03-01,1987,1123,1488,892,804,574,4732,1008,2224,848,1910
2017-04-01,2328,1299,2350,1962,584,526,3456,831,1568,1250,2544
2017-05-01,2642,955,1874,1720,531,375,3861,989,1989,2430,1989
2017-06-01,2110,1067,2393,2368,1079,478,7342,1574,1998,3539,1241
2017-07-01,4076,1027,3048,2454,707,1228,6192,779,1755,2915,1086
2017-08-01,1695,886,2926,955,689,874,4559,781,1610,2538,2020
2017-09-01,1382,1134,1736,792,644,919,2054,690,1497,1258,3516
2017-10-01,1406,754,1507,630,483,770,1985,1146,1325,1123,2952
2017-11-01,1279,850,1477,979,412,428,1744,1976,1408,990,2538
2017-12-01,958,1093,2155,1851,677,575,2569,1042,1417,1458,1476
2018-01-01,2192,1213,2164,1399,535,865,1966,706,1972,1383,1405
2018-02-01,1527,1213,2324,1570,581,508,2676,1525,1638,2084,1640
2018-03-01,2169,1143,1722,807,504,698,2179,875,2028,2228,2541
2018-04-01,3145,1071,2692,1362,428,608,2449,935,2600,1620,2607
2018-05-01,3290,1510,3408,1588,680,627,6961,1353,2485,1770,1914
2018-06-01,2677,1914,3200,2196,1202,1348,12216,2332,2568,1604,1258
2018-07-01,2424,2006,2282,1726,831,1288,12368,2528,2292,1645,1189
2018-08-01,3619,1702,2016,1043,702,1240,9534,1333,2105,1109,1316
2018-09-01,1712,1071,1775,779,843,1204,3819,952,1845,948,2608
2018-10-01,1150,963,1432,739,938,868,2796,937,1384,1065,2912
2018-11-01,1287,970,1203,846,749,475,2079,963,1244,903,2084
2018-12-01,1155,1086,1610,1640,691,680,3389,1161,1626,993,1453
2019-01-01,1782,1292,1513,1794,764,1054,5733,1537,1762,1287,1511
2019-02-01,3977,836,1317,1003,516,677,2771,2082,1428,1361,1729
2019-03-01,2185,846,1573,1246,483,854,3134,2469,1597,1141,3041
2019-04-01,1642,1234,1785,880,459,654,3225,938,1840,1051,3213
2019-05-01,1515,991,3066,1130,622,526,3048,1249,2575,1607,1374
2019-06-01,1690,939,3289,2094,544,600,3863,2279,2647,1818,897
2019-07-01,1160,1067,3007,1378,478,2016,6619,2334,2224,1753,1197
2019-08-01,2151,1621,2592,737,561,1125,4359,1205,2075,1448,2049
2019-09-01,2492,1359,2309,664,618,1131,3652,981,1735,1527,3678
2019-10-01,3662,978,1709,806,456,1035,2722,1219,2025,1260,3407
2019-11-01,1624,982,1730,1127,724,511,2147,1356,1586,1013,2629
2019-12-01,1194,1246,1574,1429,576,669,2892,1300,1637,1388,2274
2020-01-01,1962,1711,1640,1863,900,794,4545,1026,1973,1448,1303
2020-02-01,3470,2093,1917,1752,1503,1574,3643,1505,2157,1452,1428
2020-03-01,3269,1969,2071,2585,1148,1191,3879,994,2157,1601,2781
2020-04-01,1377,970,1649,1281,516,628,2658,720,1737,1453,3185
2020-05-01,1770,798,1514,1173,447,467,2430,1298,1586,2310,2079
2020-06-01,2533,817,1478,968,472,443,2425,1439,1431,2440,1111
2020-07-01,2096,1029,1620,1233,442,755,2703,3253,1365,2075,953
2020-08-01,1865,2080,2104,2273,677,815,5626,2336,1915,1806,1490
2020-09-01,1391,2152,1753,3021,751,874,9344,1120,2084,1755,1424
2020-10-01,2640,1906,1692,1301,1008,1295,9471,1013,1752,1509,1445
2020-11-01,1730,923,1706,1027,741,901,8426,1259,1884,1370,1488
2020-12-01,2827,1905,2093,2788,832,702,9559,2179,1997,1322,1188
2021-01-01,2549,1161,2208,1984,848,1574,5275,2423,2676,1291,1472
2021-02-01,1890,1401,1877,1918,855,639,7359,1480,2226,1349,1988
2021-03-01,2700,1004,1763,732,699,762,4016,1244,2137,1233,2537
2021-04-01,1158,1192,2071,1029,788,1160,5316,1146,1826,1589,3509
2021-05-01,3508,1323,1907,1149,787,886,6542,1852,2101,1999,2448
2021-06-01,4266,1825,1933,2811,785,1177,6308,2899,1528,2160,1252
2021-07-01,4868,2395,3355,4010,1098,1995,9419,3261,1769,2026,1132
2021-08-01,3792,2198,3334,1746,690,1429,5899,1229,1870,2116,2235
2021-09-01,2651,2181,3258,887,599,1482,3442,1241,1811,2238,2137
2021-10-01,1692,1375,2823,1321,504,1671,2896,1478,1734,1913,2856
2021-11-01,3357,1498,2518,4450,482,796,5875,1753,1993,1618,2590
2021-12-01,1949,1638,2746,3303,733,1684,9889,1940,1946,1645,1887
2022-01-01,4453,1600,2646,2031,560,1365,8539,1100,2745,1980,2688
2022-02-01,3009,1203,2529,2069,567,1192,4462,1368,2841,1395,4183
2022-03-01,3141,1498,2471,1506,509,1044,3449,2515,2704,1465,5443
2022-04-01,1196,1468,2729,1211,725,884,3976,4552,3090,2069,5462
2022-05-01,4202,2189,2754,2649,900,883,8398,6566,3550,2608,1902
2022-06-01,5192,2488,2670,5750,1229,1044,13556,3123,3024,2769,1101
2022-07-01,3905,3946,2974,5249,1257,1674,19141,2425,1970,2231,1212
2022-08-01,4458,4265,2989,3349,1037,1525,16889,2082,2473,1957,2862
2022-09-01,3464,3593,3137,2300,668,1167,7476,1613,2413,1891,3854
2022-10-01,1980,1355,2881,1980,557,1175,5279,1208,2069,1830,3491
2022-11-01,2458,1567,2926,3212,755,1142,6003,1383,2012,1840,2184
2022-12-01,1851,2904,2700,4799,965,1492,10604,3333,3049,2235,2022
2023-01-01,2562,2313,2530,2677,906,942,9357,1691,3208,2369,2637
2023-02-01,5296,2384,2564,3401,1112,1400,8897,1129,2496,2269,4056
2023-03-01,5348,2790,2345,1605,801,1475,4731,1726,2096,2062,6039
2023-04-01,4969,3077,2579,1848,992,1660,4971,2149,1834,2666,4756
2023-05-01,1464,2069,2613,2061,879,1368,7626,1821,1991,2750,1642
2023-06-01,2357,1737,2495,1876,472,734,9384,2059,2168,1997,685
2023-07-01,2324,1770,2544,1943,550,923,7868,2026,2636,1903,1633
2023-08-01,3548,1833,2659,1547,433,747,5044,2510,3643,1681,3158
2023-09-01,2167,1485,2698,1546,415,736,4318,1880,5456,1750,4041
2023-10-01,3696,1556,2714,2250,482,976,3878,1625,3963,1463,4161
2023-11-01,4113,2533,2691,2622,516,664,4118,1558,2882,1487,2696
2023-12-01,2193,2498,3013,2848,744,893,9652,3346,3523,1915,1936
2024-01-01,2871,2604,3051,2285,607,859,14604,2503,3155,2293,1554
2024-02-01,2545,3122,3046,2217,666,1398,7447,4444,3600,3152,1617
2024-03-01,7817,4156,3960,5224,548,645,7746,5814,3394,3568,2437
2024-04-01,4561,3757,3679,3333,449,449,5864,2103,3623,3093,2815
2024-05-01,4842,3866,3909,2276,401,512,5330,1685,2708,2565,2083
2024-06-01,2726,2817,3644,1711,677,477,6190,1747,2208,2684,1359
2024-07-01,2428,3040,3193,1660,893,860,8272,,2311,3532,1038
2024-08-01,1872,1645,2770,2331,723,2063,6646,5044,2243,2970,1727
2024-09-01,2912,1347,2736,2480,607,2108,5191,1582,2269,2713,3617
2024-10-01,4310,1079,2683,1495,371,1034,1896,1661,2007,2487,3573
2024-11-01,2477,1212,2982,2060,518,300,1445,2013,2660,2404,3346
2024-12-01,2582,2256,3398,3019,1092,468,3130,2400,3070,2821,2331
2025-01-01,3452,2790,3399,2888,794,390,2787,2858,3955,2613,2075
2025-02-01,2141,3269,3291,2416,643,315,2358,3550,4216,2305,1670
2025-03-01,4074,3628,3194,1891,370,446,1939,2376,4096,1757,1662
2025-04-01,2125,2674,3193,2060,559,577,4184,2184,4302,1961,2278
2025-05-01,4896,2946,3083,4348,640,440,11283,2393,4966,2054,1697
2025-06-01,9587,2773,3248,8513,1218,779,18863,,4352,3049,1017
2025-07-01,9089,3385,3670,5534,1122,1217,22981,3414,4667,3863,1346
2025-08-01,2973,3158,3442,1590,908,914,14891,4983,4443,4309,3167
2025-09-01,6095,3001,3137,1849,860,781,5061,4843,2991,4349,3358
2025-10-01,2300,1187,2592,2101,809,696,3386,3781,2177,2988,3196
2025-11-01,2291,1387,3139,2109,800,389,3051,2553,1674,1970,2090
2025-12-01,1916,2114,3751,1723,894,416,3522,2278,2375,1725,1666
2026-01-01,2026,1789,4545,1772,736,380,3786,,3276,1407,1374
2026-02-01,4383,1473,4345,2537,662,314,3240,6667,3790,1272,2033
2026-03-01,1801,1591,3843,1929,515,383,3485,4451,4311,1687,3724
2026-04-01,3005,1865,3576,1848,467,386,4499,3534,4540,2187,3818
2026-05-01,4212,1797,3942,1466,506,343,4049,3435,3368,3259,2879
2026-06-01,2717,2178,4087,1903,536,325,3722,3089,3536,3111,2152
2026-07-01,1944,2594,4045,1925,784,375,3912,2956,3458,2470,2012
2026-08-01,2632,2070,4088,2577,747,478,3989,2778,3454,1931,2471
